inputs,context,topic,org_label,set-0,string_label,label,id
"('Larry talked to five dermatologists and Rose talked to four displeased dermatologists.',)",,,1,train,1,0,2
"('Larry talked to five small dermatologists and Rose talked to four displeased.',)",,,0,train,0,1,3
"('That legislature has three peppers and Charles has at least as many small peppers.',)",,,1,train,1,0,4
"('That legislature has three hidden peppers and Charles has at least as many small.',)",,,0,train,0,1,5
"(""A picture does look like four shawls and the photographs of Douglas couldn't look like five red shawls."",)",,,1,train,1,0,6
"(""A picture does look like four blue shawls and the photographs of Douglas couldn't look like five red."",)",,,0,train,0,1,7
"(""Melissa's granddaughter complained about four friends of and some people complained about five big friends of."",)",,,1,train,1,0,10
"(""Melissa's granddaughter complained about four unemployed friends of and some people complained about five big."",)",,,0,train,0,1,11
"(""Roger isn't exploring one college campus and some friend of Dan isn't exploring a lot red college campus."",)",,,1,train,1,0,12
"(""Roger isn't exploring one smooth college campus and some friend of Dan isn't exploring a lot red."",)",,,0,train,0,1,13
"(""Curtis's boss discussed four sons and Andrew discussed five sick sons."",)",,,1,train,1,0,14
"(""Curtis's boss discussed four happy sons and Andrew discussed five sick."",)",,,0,train,0,1,15
"('That newspaper article about Winston Churchill astounded one waitress and Donald astounded several unemployed waitress.',)",,,1,train,1,0,22
"('That newspaper article about Winston Churchill astounded one confident waitress and Donald astounded several unemployed.',)",,,0,train,0,1,23
"(""Jodi's plumbers climb down no mountains and the snakes climb down some rough mountains."",)",,,1,train,1,0,24
"(""Jodi's plumbers climb down no small mountains and the snakes climb down some rough."",)",,,0,train,0,1,25
"(""A lady fixes a lot of bicycles and Bethany's spouse fixes a few concealed bicycles."",)",,,1,train,1,0,26
"(""A lady fixes a lot of purple bicycles and Bethany's spouse fixes a few concealed."",)",,,0,train,0,1,27
"(""A lot of patients' girlfriend sells one popsicle and Steve sells few concealed popsicle."",)",,,1,train,1,0,28
"(""A lot of patients' girlfriend sells one red popsicle and Steve sells few concealed."",)",,,0,train,0,1,29
"(""Every guy's nephews research three closets and teenagers' mentees research fewer blue closets."",)",,,1,train,1,0,30
"(""Every guy's nephews research three new closets and teenagers' mentees research fewer blue."",)",,,0,train,0,1,31
"(""A patient's hairdressers wouldn't forget no brothers of and a lot of women's grandson wouldn't forget some serious brothers of."",)",,,1,train,1,0,34
"(""A patient's hairdressers wouldn't forget no unemployed brothers of and a lot of women's grandson wouldn't forget some serious."",)",,,0,train,0,1,35
"('The Borgias disgusts a few grandfathers of and some committee disgusts a lot determined grandfathers of.',)",,,1,train,1,0,36
"('The Borgias disgusts a few uncertain grandfathers of and some committee disgusts a lot determined.',)",,,0,train,0,1,37
"(""Stephen's French teacher hasn't worried one teenager and Roger hasn't worried a lot old teenager."",)",,,1,train,1,0,38
"(""Stephen's French teacher hasn't worried one important teenager and Roger hasn't worried a lot old."",)",,,0,train,0,1,39
"('Suzanne had climbed down one slope and Martha had climbed down three lost slope.',)",,,1,train,1,0,42
"('Suzanne had climbed down one smooth slope and Martha had climbed down three lost.',)",,,0,train,0,1,43
"(""Most pedestrians' ex-wife doesn't arrive at one high school and these waiters' son doesn't arrive at two new high school."",)",,,1,train,1,0,44
"(""Most pedestrians' ex-wife doesn't arrive at one hard high school and these waiters' son doesn't arrive at two new."",)",,,0,train,0,1,45
"(""Dennis wasn't boycotting one college campus and Laurie wasn't boycotting some blue college campus."",)",,,1,train,1,0,46
"(""Dennis wasn't boycotting one orange college campus and Laurie wasn't boycotting some blue."",)",,,0,train,0,1,47
"('Holly disgusted one employee and mirrors disgusted some lucky employee.',)",,,1,train,1,0,48
"('Holly disgusted one clever employee and mirrors disgusted some lucky.',)",,,0,train,0,1,49
"(""Tonya isn't attacking three brothers and Frank isn't attacking fewer bad brothers."",)",,,1,train,1,0,50
"(""Tonya isn't attacking three employed brothers and Frank isn't attacking fewer bad."",)",,,0,train,0,1,51
"('Homer would confuse four teachers and a mother of Melissa would confuse five clever teachers.',)",,,1,train,1,0,54
"('Homer would confuse four hopeful teachers and a mother of Melissa would confuse five clever.',)",,,0,train,0,1,55
"(""Samantha's doctors reference several fathers of and Tara's partners reference a few unconvinced fathers of."",)",,,1,train,1,0,56
"(""Samantha's doctors reference several ill fathers of and Tara's partners reference a few unconvinced."",)",,,0,train,0,1,57
"(""Brad isn't listening to several grandmothers and Colleen isn't listening to a few upset grandmothers."",)",,,1,train,1,0,58
"(""Allison's doctor didn't astound one associate and Vincent's mothers didn't astound a few concealed associate."",)",,,1,dev,1,0,32
"(""Allison's doctor didn't astound one small associate and Vincent's mothers didn't astound a few concealed."",)",,,0,dev,0,1,33
"(""A lady's contractors bore a lot of grandmothers of and those essays bore a few upset grandmothers of."",)",,,1,dev,1,0,68
"(""A lady's contractors bore a lot of unconvinced grandmothers of and those essays bore a few upset."",)",,,0,dev,0,1,69
"(""Brad's electricians haven't bought a few rugs and Kathleen has bought a lot hard rugs."",)",,,1,dev,1,0,112
"(""Brad's electricians haven't bought a few blue rugs and Kathleen has bought a lot hard."",)",,,0,dev,0,1,113
"('Sherry had annoyed a few supervisors and some movie about art had annoyed several nice supervisors.',)",,,1,dev,1,0,116
"('Sherry had annoyed a few bad supervisors and some movie about art had annoyed several nice.',)",,,0,dev,0,1,117
"('The children can hug a few cousins and Gregory can hug a lot small cousins.',)",,,1,dev,1,0,130
"('The children can hug a few busy cousins and Gregory can hug a lot small.',)",,,0,dev,0,1,131
"(""Curtis didn't leave few mentors and James didn't leave many displeased mentors."",)",,,1,dev,1,0,136
"(""Curtis didn't leave few determined mentors and James didn't leave many displeased."",)",,,0,dev,0,1,137
"(""Those waitresses do explore three glaciers and Scott couldn't explore almost as many popular glaciers."",)",,,1,dev,1,0,214
"(""Those waitresses do explore three gray glaciers and Scott couldn't explore almost as many popular."",)",,,0,dev,0,1,215
"(""Becca's classmate fled from one doctor and Stacey fled from few troubled doctor."",)",,,1,dev,1,0,216
"(""Becca's classmate fled from one concealed doctor and Stacey fled from few troubled."",)",,,0,dev,0,1,217
"(""This bank hadn't argued about three electricians and these cousins of Frank hadn't argued about at least as many lost electricians."",)",,,1,dev,1,0,218
"(""This bank hadn't argued about three fast electricians and these cousins of Frank hadn't argued about at least as many lost."",)",,,0,dev,0,1,219
"(""Melinda's podiatrists annoy one doctor and those cars annoy many exposed doctor."",)",,,1,dev,1,0,230
"(""Melinda's podiatrists annoy one unconvinced doctor and those cars annoy many exposed."",)",,,0,dev,0,1,231
"(""This granddaughter of Melinda won't embarrass one senator and the adults' dentists won't embarrass more young senator."",)",,,1,dev,1,0,238
"(""This granddaughter of Melinda won't embarrass one lucky senator and the adults' dentists won't embarrass more young."",)",,,0,dev,0,1,239
"(""Anne isn't taking one face and Raymond isn't taking at least as many lost face."",)",,,1,dev,1,0,274
"(""Anne isn't taking one important face and Raymond isn't taking at least as many lost."",)",,,0,dev,0,1,275
"('A lot of doctors find one restaurant and the girls find many smooth restaurant.',)",,,1,dev,1,0,284
"('A lot of doctors find one good restaurant and the girls find many smooth.',)",,,0,dev,0,1,285
"(""Many dancers weren't breaking several planes and Jill's handyman isn't breaking a few orange planes."",)",,,1,dev,1,0,378
"(""Many dancers weren't breaking several red planes and Jill's handyman isn't breaking a few orange."",)",,,0,dev,0,1,379
"('Carla was hugging three dancers and Laura was hugging fewer important dancers.',)",,,1,dev,1,0,380
"('Carla was hugging three unemployed dancers and Laura was hugging fewer important.',)",,,0,dev,0,1,381
"('A lot of friends of Kirsten shocks three sisters and this convertible shocks at least as many small sisters.',)",,,1,dev,1,0,382
"('A lot of friends of Kirsten shocks three young sisters and this convertible shocks at least as many small.',)",,,0,dev,0,1,383
"(""Douglas's ex-husbands love one sister of and the governments love some exposed sister of."",)",,,1,dev,1,0,402
"(""Douglas's ex-husbands love one happy sister of and the governments love some exposed."",)",,,0,dev,0,1,403
"(""Vincent's plumber wasn't walking through three lakes and Carolyn's daughter wasn't walking through at least as many big lakes."",)",,,1,dev,1,0,462
"(""Vincent's plumber wasn't walking through three hidden lakes and Carolyn's daughter wasn't walking through at least as many big."",)",,,0,dev,0,1,463
"(""Beverly's grandmothers ascend three slopes and that dancer's grandsons ascend almost as many lost slopes."",)",,,1,dev,1,0,472
"(""Beverly's grandmothers ascend three smooth slopes and that dancer's grandsons ascend almost as many lost."",)",,,0,dev,0,1,473
"('This story about current events scared three nephews and these plays about the Great Lakes scared fewer long nephews.',)",,,1,dev,1,0,484
"('This story about current events scared three troubled nephews and these plays about the Great Lakes scared fewer long.',)",,,0,dev,0,1,485
"(""Sheila's doctor isn't hiding one nose and that senator isn't hiding at least as many lost nose."",)",,,1,dev,1,0,492
"(""Sheila's doctor isn't hiding one out in the open nose and that senator isn't hiding at least as many lost."",)",,,0,dev,0,1,493
"('Stacy leaves a few lawyers and Ruth leaves a lot confident lawyers.',)",,,1,dev,1,0,506
"('Stacy leaves a few good lawyers and Ruth leaves a lot confident.',)",,,0,dev,0,1,507
"('That picture looks like one library and that print looks like two dirty library.',)",,,1,dev,1,0,540
"('That picture looks like one clean library and that print looks like two dirty.',)",,,0,dev,0,1,541
"('Daniel references one dermatologist and Denise references four serious dermatologist.',)",,,1,dev,1,0,554
"('Daniel references one unsure dermatologist and Denise references four serious.',)",,,0,dev,0,1,555
"('Liam would have three sketches of and Craig would have two green sketches of.',)",,,1,dev,1,0,564
"('Liam would have three white sketches of and Craig would have two green.',)",,,0,dev,0,1,565
"(""Every driver's mentors have fixed one unicycle and Carolyn hadn't fixed many yellow unicycle."",)",,,1,dev,1,0,592
"(""Every driver's mentors have fixed one white unicycle and Carolyn hadn't fixed many yellow."",)",,,0,dev,0,1,593
"('The women scan one supervisor and the Lutherans scan a lot determined supervisor.',)",,,1,dev,1,0,678
"('The women scan one standing supervisor and the Lutherans scan a lot determined.',)",,,0,dev,0,1,679
"('Janet attacks three mothers and Mary attacks more standing mothers.',)",,,1,dev,1,0,712
"('Janet attacks three unemployed mothers and Mary attacks more standing.',)",,,0,dev,0,1,713
"('Current events impress three brothers of and all vases impress fewer bad brothers of.',)",,,1,dev,1,0,752
"('Current events impress three nice brothers of and all vases impress fewer bad.',)",,,0,dev,0,1,753
"('The grandfathers of Rachelle conceal one granddaughter of and the Lutherans conceal many displeased granddaughter of.',)",,,1,dev,1,0,756
"('The grandfathers of Rachelle conceal one upset granddaughter of and the Lutherans conceal many displeased.',)",,,0,dev,0,1,757
"(""Brian has skated around one grocery store and Rhonda's sister has skated around five dirty grocery store."",)",,,1,dev,1,0,766
"(""Brian has skated around one good grocery store and Rhonda's sister has skated around five dirty."",)",,,0,dev,0,1,767
"('A lot of cousins of Tamara are questioning one man and Sara was questioning several delighted man.',)",,,1,dev,1,0,772
"('A lot of cousins of Tamara are questioning one confident man and Sara was questioning several delighted.',)",,,0,dev,0,1,773
"(""Gerald thinks about a few organizations and Bethany's French teacher thinks about a lot bad organizations."",)",,,1,dev,1,0,790
"(""Gerald thinks about a few good organizations and Bethany's French teacher thinks about a lot bad."",)",,,0,dev,0,1,791
"('A newspaper article bored three pedestrians and Jennifer bored fewer clever pedestrians.',)",,,1,dev,1,0,818
"('A newspaper article bored three determined pedestrians and Jennifer bored fewer clever.',)",,,0,dev,0,1,819
"(""Some blouses haven't impressed one boyfriend and those dancers' daughters haven't impressed four sick boyfriend."",)",,,1,dev,1,0,836
"(""Some blouses haven't impressed one hidden boyfriend and those dancers' daughters haven't impressed four sick."",)",,,0,dev,0,1,837
"('Many brothers of this doctor think about one doctor and those women think about two fast doctor.',)",,,1,dev,1,0,872
"('Many brothers of this doctor think about one lucky doctor and those women think about two fast.',)",,,0,dev,0,1,873
"(""Jennifer's girlfriend hugged many granddaughters of and Melanie hugged few unconvinced granddaughters of."",)",,,1,dev,1,0,940
"(""Jennifer's girlfriend hugged many concealed granddaughters of and Melanie hugged few unconvinced."",)",,,0,dev,0,1,941
"(""Some lady hasn't admired two nephews of and Samantha hasn't admired three smart nephews of."",)",,,1,dev,1,0,960
"(""Some lady hasn't admired two young nephews of and Samantha hasn't admired three smart."",)",,,0,dev,0,1,961
"('Patrick approaches one customer and some driver approaches at least as many happy customer.',)",,,1,dev,1,0,964
"('Patrick approaches one big customer and some driver approaches at least as many happy.',)",,,0,dev,0,1,965
"('Tiffany was upsetting three actors and Gary was upsetting more content actors.',)",,,1,dev,1,0,968
"('Tiffany was upsetting three busy actors and Gary was upsetting more content.',)",,,0,dev,0,1,969
"('Many ladders alarm several tutors and a lot of essays alarm a few smart tutors.',)",,,1,dev,1,0,992
"('Many ladders alarm several busy tutors and a lot of essays alarm a few smart.',)",,,0,dev,0,1,993
"('Sherry could heal four cousins of and Nina could heal five smart cousins of.',)",,,1,dev,1,0,996
"('Sherry could heal four ill cousins of and Nina could heal five smart.',)",,,0,dev,0,1,997
"(""Jacqueline's supervisors had arrived at a lot of rivers and every grandson of Jane had arrived at a few popular rivers."",)",,,1,dev,1,0,998
"(""Jacqueline's supervisors had arrived at a lot of bad rivers and every grandson of Jane had arrived at a few popular."",)",,,0,dev,0,1,999
"(""Bill's dentists have cleaned three windows and those brothers of Beverly have cleaned at least as many brown windows."",)",,,1,dev,1,0,1022
"(""Bill's dentists have cleaned three exposed windows and those brothers of Beverly have cleaned at least as many brown."",)",,,0,dev,0,1,1023
"(""Suzanne's grandmother discussed four ex-wives and Gregory discussed five nice ex-wives."",)",,,1,dev,1,0,1088
"(""Suzanne's grandmother discussed four hidden ex-wives and Gregory discussed five nice."",)",,,0,dev,0,1,1089
"(""The customer's grandson breaks a few couches and this patient breaks several out in the open couches."",)",,,1,dev,1,0,1110
"(""The customer's grandson breaks a few bad couches and this patient breaks several out in the open."",)",,,0,dev,0,1,1111
"(""Scott's supervisor boasts about three guests and Harvard University boasts about at least as many out in the open guests."",)",,,1,dev,1,0,1126
"(""Scott's supervisor boasts about three content guests and Harvard University boasts about at least as many out in the open."",)",,,0,dev,0,1,1127
"('Gregory had healed one patient and Rebecca had healed a lot important patient.',)",,,1,dev,1,0,1152
"('Gregory had healed one content patient and Rebecca had healed a lot important.',)",,,0,dev,0,1,1153
"(""This customer isn't helping few adults and Mitchell isn't helping many displeased adults."",)",,,1,dev,1,0,1154
"(""This customer isn't helping few standing adults and Mitchell isn't helping many displeased."",)",,,0,dev,0,1,1155
"(""Fathers of April buy one unicycle and Andrew's mentors buy more concealed unicycle."",)",,,1,dev,1,0,1220
"(""Fathers of April buy one exposed unicycle and Andrew's mentors buy more concealed."",)",,,0,dev,0,1,1221
"(""These adults' tutor did wear one shawl and Carolyn did wear two exposed shawl."",)",,,1,dev,1,0,1224
"(""These adults' tutor did wear one concealed shawl and Carolyn did wear two exposed."",)",,,0,dev,0,1,1225
"(""The guys' oncologists return to one ex-husband and Andrea's teachers return to many clever ex-husband."",)",,,1,dev,1,0,1266
"(""The guys' oncologists return to one unconvinced ex-husband and Andrea's teachers return to many clever."",)",,,0,dev,0,1,1267
"('This woman did kiss one pedestrian and the Clintons did kiss three excited pedestrian.',)",,,1,dev,1,0,1282
"('This woman did kiss one big pedestrian and the Clintons did kiss three excited.',)",,,0,dev,0,1,1283
"('The Clintons sound like one boss and all waiters sound like many scared boss.',)",,,1,dev,1,0,1300
"('The Clintons sound like one hidden boss and all waiters sound like many scared.',)",,,0,dev,0,1,1301
"('Stephanie watches one wife and Elaine watches two unconvinced wife.',)",,,1,dev,1,0,1302
"('Stephanie watches one employed wife and Elaine watches two unconvinced.',)",,,0,dev,0,1,1303
"(""The Impressionists' best friend wasn't disgusting one lawyer and the cousins of Carolyn were disgusting a few troubled lawyer."",)",,,1,dev,1,0,1312
"(""The Impressionists' best friend wasn't disgusting one concealed lawyer and the cousins of Carolyn were disgusting a few troubled."",)",,,0,dev,0,1,1313
"(""Most actors' handyman approaches one doctor and that cousin of Gary approaches five uncertain doctor."",)",,,1,dev,1,0,1316
"(""Most actors' handyman approaches one clever doctor and that cousin of Gary approaches five uncertain."",)",,,0,dev,0,1,1317
"('These nephews of most men forgot one doctor and Melanie forgot five determined doctor.',)",,,1,dev,1,0,1340
"('These nephews of most men forgot one uncertain doctor and Melanie forgot five determined.',)",,,0,dev,0,1,1341
"('Heather had praised one podiatrist and Vincent had praised several concealed podiatrist.',)",,,1,dev,1,0,1352
"('Heather had praised one unemployed podiatrist and Vincent had praised several concealed.',)",,,0,dev,0,1,1353
"(""Kendra's tutors couldn't investigate one ex-boyfriend and Jason couldn't investigate four unlucky ex-boyfriend."",)",,,1,dev,1,0,1356
"(""Kendra's tutors couldn't investigate one uncertain ex-boyfriend and Jason couldn't investigate four unlucky."",)",,,0,dev,0,1,1357
"(""Liam isn't attacking one sister of and Danielle's students are attacking at least as many standing sister of."",)",,,1,dev,1,0,1382
"(""Liam isn't attacking one happy sister of and Danielle's students are attacking at least as many standing."",)",,,0,dev,0,1,1383
"('Many grandmothers of some customers wear four coats and the students wear five old coats.',)",,,1,dev,1,0,1388
"('Many grandmothers of some customers wear four concealed coats and the students wear five old.',)",,,0,dev,0,1,1389
"(""Nina drops by no schools and Jason's husband drops by some orange schools."",)",,,1,dev,1,0,1400
"(""Nina drops by no black schools and Jason's husband drops by some orange."",)",,,0,dev,0,1,1401
"(""The guest's sons bothered one boy and that ice cream bothered three nice boy."",)",,,1,dev,1,0,1410
"(""The guest's sons bothered one uncertain boy and that ice cream bothered three nice."",)",,,0,dev,0,1,1411
"('Denise discovered one muffin and Meredith discovered four important muffin.',)",,,1,dev,1,0,1418
"('Denise discovered one purple muffin and Meredith discovered four important.',)",,,0,dev,0,1,1419
"(""Stacy couldn't care for one man and some teenagers' fathers couldn't care for a lot busy man."",)",,,1,dev,1,0,1434
"(""Stacy couldn't care for one clever man and some teenagers' fathers couldn't care for a lot busy."",)",,,0,dev,0,1,1435
"(""Janice wasn't criticizing one newspaper article and Brad wasn't criticizing three hard newspaper article."",)",,,1,dev,1,0,1438
"(""Janice wasn't criticizing one long newspaper article and Brad wasn't criticizing three hard."",)",,,0,dev,0,1,1439
"('Some nieces of every actress investigated a few granddaughters and Florence investigated a lot busy granddaughters.',)",,,1,dev,1,0,1470
"('Some nieces of every actress investigated a few concealed granddaughters and Florence investigated a lot busy.',)",,,0,dev,0,1,1471
"('The Impressionists disgusts one association and every candle disgusts more bad association.',)",,,1,dev,1,0,1484
"('The Impressionists disgusts one good association and every candle disgusts more bad.',)",,,0,dev,0,1,1485
"('Amy would run around a lot of libraries and Susan would run around a few old libraries.',)",,,1,dev,1,0,1508
"('Amy would run around a lot of black libraries and Susan would run around a few old.',)",,,0,dev,0,1,1509
"('Robert bothered one podiatrist and Samuel bothered four long podiatrist.',)",,,1,dev,1,0,1512
"('Robert bothered one unemployed podiatrist and Samuel bothered four long.',)",,,0,dev,0,1,1513
"('A library talked to three daughters of and Spain talked to at least as many standing daughters of.',)",,,1,dev,1,0,1536
"('A library talked to three ill daughters of and Spain talked to at least as many standing.',)",,,0,dev,0,1,1537
"(""The daughters of Daniel return to a few customers and Chad's best friends return to several scared customers."",)",,,1,dev,1,0,1540
"(""The daughters of Daniel return to a few determined customers and Chad's best friends return to several scared."",)",,,0,dev,0,1,1541
"('Andrea has argued about a few movies and Jacqueline has argued about a lot important movies.',)",,,1,dev,1,0,1544
"('Andrea has argued about a few popular movies and Jacqueline has argued about a lot important.',)",,,0,dev,0,1,1545
"(""Patricia wasn't boring one partner and Ann's partner wasn't boring some fast partner."",)",,,1,dev,1,0,1564
"(""Patricia wasn't boring one clever partner and Ann's partner wasn't boring some fast."",)",,,0,dev,0,1,1565
"(""That boy couldn't resemble five sketches of and these hats couldn't resemble four small sketches of."",)",,,1,dev,1,0,1590
"(""That boy couldn't resemble five smooth sketches of and these hats couldn't resemble four small."",)",,,0,dev,0,1,1591
"('Wendy can argue about no adults and Pamela can argue about some upset adults.',)",,,1,dev,1,0,1594
"('Wendy can argue about no lucky adults and Pamela can argue about some upset.',)",,,0,dev,0,1,1595
"('Helen biked to one bank and Sandra biked to many concealed bank.',)",,,1,dev,1,0,1596
"('Helen biked to one white bank and Sandra biked to many concealed.',)",,,0,dev,0,1,1597
"(""Craig does watch one boyfriend and all cousins of some child don't watch two good boyfriend."",)",,,1,dev,1,0,1654
"(""Craig does watch one bad boyfriend and all cousins of some child don't watch two good."",)",,,0,dev,0,1,1655
"(""A play aggravates three ex-husbands and Sandra's daughters aggravates more clever ex-husbands."",)",,,1,dev,1,0,1656
"(""A play aggravates three employed ex-husbands and Sandra's daughters aggravates more clever."",)",,,0,dev,0,1,1657
"('Keith skates around one college campus and Martha skates around a lot cheap college campus.',)",,,1,dev,1,0,1660
"('Keith skates around one red college campus and Martha skates around a lot cheap.',)",,,0,dev,0,1,1661
"(""Teresa can't discuss one senator and Stacey can't discuss five unemployed senator."",)",,,1,dev,1,0,1678
"(""Teresa can't discuss one delighted senator and Stacey can't discuss five unemployed."",)",,,0,dev,0,1,1679
"(""Patrick's electricians pass one cafe and Melinda's dermatologists pass three blue cafe."",)",,,1,dev,1,0,1716
"(""Patrick's electricians pass one concealed cafe and Melinda's dermatologists pass three blue."",)",,,0,dev,0,1,1717
"(""Todd's teachers alarms one nephew and that movie about Galileo alarms a lot troubled nephew."",)",,,1,dev,1,0,1736
"(""Todd's teachers alarms one standing nephew and that movie about Galileo alarms a lot troubled."",)",,,0,dev,0,1,1737
"('This dog impresses one bank and every unicycle impresses few yellow bank.',)",,,1,dev,1,0,1770
"('This dog impresses one brown bank and every unicycle impresses few yellow.',)",,,0,dev,0,1,1771
"(""Timothy's cousin couldn't escape from a few daughters of and Eva couldn't escape from a lot excited daughters of."",)",,,1,dev,1,0,1774
"(""Timothy's cousin couldn't escape from a few unlucky daughters of and Eva couldn't escape from a lot excited."",)",,,0,dev,0,1,1775
"('A lot of students research one organization and all doctors research more popular organization.',)",,,1,dev,1,0,1792
"('A lot of students research one good organization and all doctors research more popular.',)",,,0,dev,0,1,1793
"('Every glacier will resemble one painting of and Marla will resemble a few orange painting of.',)",,,1,dev,1,0,1798
"('Every glacier will resemble one green painting of and Marla will resemble a few orange.',)",,,0,dev,0,1,1799
"(""Brad hasn't brought one chair and Nina hasn't brought some blue chair."",)",,,1,dev,1,0,1822
"(""Brad hasn't brought one important chair and Nina hasn't brought some blue."",)",,,0,dev,0,1,1823
"(""Every father of Jerry was returning to three contractors and all people's grandfather was returning to fewer fast contractors."",)",,,1,dev,1,0,1854
"(""Every father of Jerry was returning to three standing contractors and all people's grandfather was returning to fewer fast."",)",,,0,dev,0,1,1855
"('Scott has investigated one mother and Judy has investigated a few lucky mother.',)",,,1,dev,1,0,1856
"('Scott has investigated one hopeful mother and Judy has investigated a few lucky.',)",,,0,dev,0,1,1857
"(""Frank's father is disagreeing with one boy and those sons of Peter weren't disagreeing with several scared boy."",)",,,1,dev,1,0,1864
"(""Frank's father is disagreeing with one exposed boy and those sons of Peter weren't disagreeing with several scared."",)",,,0,dev,0,1,1865
"('All adults reference one piano teacher and the waitresses reference more content piano teacher.',)",,,1,dev,1,0,1894
"('All adults reference one young piano teacher and the waitresses reference more content.',)",,,0,dev,0,1,1895
"(""Guests' grandsons observe three sons and these dancers' granddaughters observe almost as many happy sons."",)",,,1,dev,1,0,1914
"(""Guests' grandsons observe three clever sons and these dancers' granddaughters observe almost as many happy."",)",,,0,dev,0,1,1915
"(""Some ladies argue about one man and Debra's daughters argue about a few fast man."",)",,,1,dev,1,0,1918
"(""Some ladies argue about one unemployed man and Debra's daughters argue about a few fast."",)",,,0,dev,0,1,1919
"(""Guests reference one story about and Cynthia's plumbers reference few good story about."",)",,,1,dev,1,0,1932
"(""Guests reference one bad story about and Cynthia's plumbers reference few good."",)",,,0,dev,0,1,1933
"('That child was insulting one grandson and Heather was insulting some standing grandson.',)",,,1,dev,1,0,1954
"('That child was insulting one out in the open grandson and Heather was insulting some standing.',)",,,0,dev,0,1,1955
"('A cat worries a few nieces and most grandfathers of Tonya worries several excited nieces.',)",,,1,dev,1,0,1968
"('A cat worries a few delighted nieces and most grandfathers of Tonya worries several excited.',)",,,0,dev,0,1,1969
"(""Kirsten's bosses reference one teenager and many mothers of Ruth reference many smart teenager."",)",,,1,dev,1,0,1982
"(""Kirsten's bosses reference one unconvinced teenager and many mothers of Ruth reference many smart."",)",,,0,dev,0,1,1983
"('Debra goes to one art gallery and Heidi goes to five brown art gallery.',)",,,1,dev,1,0,1984
"('Debra goes to one purple art gallery and Heidi goes to five brown.',)",,,0,dev,0,1,1985
"(""A friend of Pamela hasn't attacked one person and Ann hasn't attacked more unsure person."",)",,,1,test,1,0,0
"(""A friend of Pamela hasn't attacked one unemployed person and Ann hasn't attacked more unsure."",)",,,0,test,0,1,1
"(""Bill's associate fires a lot of adults and Galileo fires a few old adults."",)",,,1,test,1,0,8
"(""Bill's associate fires a lot of popular adults and Galileo fires a few old."",)",,,0,test,0,1,9
"(""Robert's best friend helped one dentist and some universities helped more displeased dentist."",)",,,1,test,1,0,16
"(""Robert's best friend helped one hopeful dentist and some universities helped more displeased."",)",,,0,test,0,1,17
"(""A waitress's mentee isn't climbing down three mountains and Charles isn't climbing down at least as many exposed mountains."",)",,,1,test,1,0,18
"(""A waitress's mentee isn't climbing down three important mountains and Charles isn't climbing down at least as many exposed."",)",,,0,test,0,1,19
"('Renee helps one girlfriend and Roger helps a few ill girlfriend.',)",,,1,test,1,0,20
"('Renee helps one unlucky girlfriend and Roger helps a few ill.',)",,,0,test,0,1,21
"('A senator escapes from no plumbers and Sonia escapes from some confident plumbers.',)",,,1,test,1,0,40
"('A senator escapes from no concealed plumbers and Sonia escapes from some confident.',)",,,0,test,0,1,41
"(""Ellen's partners work with five cashiers and most boys work with four uncertain cashiers."",)",,,1,test,1,0,52
"(""Ellen's partners work with five big cashiers and most boys work with four uncertain."",)",,,0,test,0,1,53
"(""The guests observe one friend and Adam's plumbers observe many fast friend."",)",,,1,test,1,0,80
"(""The guests observe one unsure friend and Adam's plumbers observe many fast."",)",,,0,test,0,1,81
"(""Cousins of a lot of women love one grandson of and Mary's plumbers love three out in the open grandson of."",)",,,1,test,1,0,82
"(""Cousins of a lot of women love one determined grandson of and Mary's plumbers love three out in the open."",)",,,0,test,0,1,83
"('That muffin bores three senators and this bicycle bores two unsure senators.',)",,,1,test,1,0,84
"('That muffin bores three young senators and this bicycle bores two unsure.',)",,,0,test,0,1,85
"('Most men worried a few grandmothers and Alicia worried a lot sick grandmothers.',)",,,1,test,1,0,88
"('Most men worried a few standing grandmothers and Alicia worried a lot sick.',)",,,0,test,0,1,89
"(""Brett's best friend shouldn't impress one ex-wife and Meredith's ex-wives shouldn't impress a few ill ex-wife."",)",,,1,test,1,0,90
"(""Brett's best friend shouldn't impress one busy ex-wife and Meredith's ex-wives shouldn't impress a few ill."",)",,,0,test,0,1,91
"(""A lot of dancers' French teacher escapes from three brothers of and Eric escapes from at least as many lost brothers of."",)",,,1,test,1,0,102
"(""A lot of dancers' French teacher escapes from three hidden brothers of and Eric escapes from at least as many lost."",)",,,0,test,0,1,103
"('Raymond was exiting one public park and a teacher was exiting a few bad public park.',)",,,1,test,1,0,126
"('Raymond was exiting one purple public park and a teacher was exiting a few bad.',)",,,0,test,0,1,127
"('Peter remembers one grandfather and Tanya remembers few concealed grandfather.',)",,,1,test,1,0,150
"('Peter remembers one uncertain grandfather and Tanya remembers few concealed.',)",,,0,test,0,1,151
"('Amy has driven to one hospital and Carla has driven to some messy hospital.',)",,,1,test,1,0,158
"('Amy has driven to one purple hospital and Carla has driven to some messy.',)",,,0,test,0,1,159
"('Marcus exited one hospital and Heidi exited several concealed hospital.',)",,,1,test,1,0,162
"('Marcus exited one white hospital and Heidi exited several concealed.',)",,,0,test,0,1,163
"('The dishes disturb two daughters of and all plays about Monet disturb three delighted daughters of.',)",,,1,test,1,0,164
"('The dishes disturb two lost daughters of and all plays about Monet disturb three delighted.',)",,,0,test,0,1,165
"(""Andrea's dentists mess up three malls and Susan's ex-boyfriends mess up fewer green malls."",)",,,1,test,1,0,178
"(""Andrea's dentists mess up three big malls and Susan's ex-boyfriends mess up fewer green."",)",,,0,test,0,1,179
"(""Elaine isn't irritating a lot of tutors and a lot of plays weren't irritating a few busy tutors."",)",,,1,test,1,0,196
"(""Elaine isn't irritating a lot of good tutors and a lot of plays weren't irritating a few busy."",)",,,0,test,0,1,197
"('This bread annoys one man and this wheelbarrow annoys a lot troubled man.',)",,,1,test,1,0,200
"('This bread annoys one upset man and this wheelbarrow annoys a lot troubled.',)",,,0,test,0,1,201
"(""Stephanie's plumber is boycotting a lot of organizations and Larry is boycotting a few important organizations."",)",,,1,test,1,0,226
"(""Stephanie's plumber is boycotting a lot of bad organizations and Larry is boycotting a few important."",)",,,0,test,0,1,227
"(""Some doctor's mentor hires three adults and Holly's colleague hires almost as many troubled adults."",)",,,1,test,1,0,234
"(""Some doctor's mentor hires three sick adults and Holly's colleague hires almost as many troubled."",)",,,0,test,0,1,235
"(""John's associate isn't concealing one guest and Allison isn't concealing a lot uncertain guest."",)",,,1,test,1,0,246
"(""John's associate isn't concealing one smart guest and Allison isn't concealing a lot uncertain."",)",,,0,test,0,1,247
"(""Veronica's plumbers sound like one doctor and many girls sound like several old doctor."",)",,,1,test,1,0,248
"(""Veronica's plumbers sound like one lucky doctor and many girls sound like several old."",)",,,0,test,0,1,249
"(""Lisa hasn't approached many electricians and the actor's senator hasn't approached few big electricians."",)",,,1,test,1,0,250
"(""Lisa hasn't approached many standing electricians and the actor's senator hasn't approached few big."",)",,,0,test,0,1,251
"(""Mitchell's contractors are approaching one cousin and Sally isn't approaching at least as many hidden cousin."",)",,,1,test,1,0,252
"(""Mitchell's contractors are approaching one bad cousin and Sally isn't approaching at least as many hidden."",)",,,0,test,0,1,253
"('William will discover one play and Winston Churchill will discover several popular play.',)",,,1,test,1,0,254
"('William will discover one important play and Winston Churchill will discover several popular.',)",,,0,test,0,1,255
"(""Melanie's daughter concealed one granddaughter of and every adult's nieces concealed five small granddaughter of."",)",,,1,test,1,0,256
"(""Melanie's daughter concealed one long granddaughter of and every adult's nieces concealed five small."",)",,,0,test,0,1,257
"('Jason was skated around one college campus and Paul was skated around four gray college campus.',)",,,1,test,1,0,282
"('Jason was skated around one yellow college campus and Paul was skated around four gray.',)",,,0,test,0,1,283
"(""Theodore wasn't dropping by two college campuses and that sister of Tracy wasn't dropping by three small college campuses."",)",,,1,test,1,0,292
"(""Theodore wasn't dropping by two exposed college campuses and that sister of Tracy wasn't dropping by three small."",)",,,0,test,0,1,293
"(""Debra sells four doors and Douglas's daughter sells five black doors."",)",,,1,test,1,0,300
"(""Debra sells four rough doors and Douglas's daughter sells five black."",)",,,0,test,0,1,301
"(""A cat isn't climbing up one ladder and Rodney isn't climbing up three big ladder."",)",,,1,test,1,0,308
"(""A cat isn't climbing up one lost ladder and Rodney isn't climbing up three big."",)",,,0,test,0,1,309
"('Derek might boast about one nephew of and Theodore might boast about a few sick nephew of.',)",,,1,test,1,0,310
"('Derek might boast about one unlucky nephew of and Theodore might boast about a few sick.',)",,,0,test,0,1,311
"('This dancer did boast about one spouse and Ella did boast about a lot hidden spouse.',)",,,1,test,1,0,314
"('This dancer did boast about one clever spouse and Ella did boast about a lot hidden.',)",,,0,test,0,1,315
"(""Every restaurant hadn't bothered one person and Charles's spouse hadn't bothered some confident person."",)",,,1,test,1,0,316
"(""Every restaurant hadn't bothered one delighted person and Charles's spouse hadn't bothered some confident."",)",,,0,test,0,1,317
"('Lawrence sounds like a few essays about and some movie sounds like several good essays about.',)",,,1,test,1,0,358
"('Lawrence sounds like a few bad essays about and some movie sounds like several good.',)",,,0,test,0,1,359
"(""Amy can't look like a few photographs and Florence can't look like a lot smooth photographs."",)",,,1,test,1,0,360
"(""Amy can't look like a few exposed photographs and Florence can't look like a lot smooth."",)",,,0,test,0,1,361
"(""Kendra's brothers walk through a few museums and Brian's colleagues walk through several bad museums."",)",,,1,test,1,0,366
"(""Kendra's brothers walk through a few small museums and Brian's colleagues walk through several bad."",)",,,0,test,0,1,367
"(""Those teachers' mentee didn't remember three cousins of and Stacy didn't remember more exposed cousins of."",)",,,1,test,1,0,384
"(""Those teachers' mentee didn't remember three lucky cousins of and Stacy didn't remember more exposed."",)",,,0,test,0,1,385
"('Daniel drops by one library and Liam drops by several popular library.',)",,,1,test,1,0,390
"('Daniel drops by one red library and Liam drops by several popular.',)",,,0,test,0,1,391
"(""Heidi's sister loves a lot of contractors and Dennis loves a few serious contractors."",)",,,1,test,1,0,396
"(""Heidi's sister loves a lot of nice contractors and Dennis loves a few serious."",)",,,0,test,0,1,397
"(""Timothy's senator isn't questioning one cousin of and Renee isn't questioning a lot employed cousin of."",)",,,1,test,1,0,412
"(""Timothy's senator isn't questioning one excited cousin of and Renee isn't questioning a lot employed."",)",,,0,test,0,1,413
"('That grandfather of Irene investigates one university and this guy investigates many popular university.',)",,,1,test,1,0,414
"('That grandfather of Irene investigates one good university and this guy investigates many popular.',)",,,0,test,0,1,415
"(""Most cousins of Eric lifted four screens and Marla's ex-husbands lifted five red screens."",)",,,1,test,1,0,432
"(""Most cousins of Eric lifted four big screens and Marla's ex-husbands lifted five red."",)",,,0,test,0,1,433
"('Liam arrives at no rivers and Samantha arrives at some yellow rivers.',)",,,1,test,1,0,438
"('Liam arrives at no hard rivers and Samantha arrives at some yellow.',)",,,0,test,0,1,439
"('The adult found a few waiters and Vincent found a lot good waiters.',)",,,1,test,1,0,440
"('The adult found a few scared waiters and Vincent found a lot good.',)",,,0,test,0,1,441
"('David runs around two cafes and Ellen runs around three old cafes.',)",,,1,test,1,0,448
"('David runs around two brown cafes and Ellen runs around three old.',)",,,0,test,0,1,449
"('Connie criticizes three stories about and Kathleen criticizes fewer good stories about.',)",,,1,test,1,0,460
"('Connie criticizes three bad stories about and Kathleen criticizes fewer good.',)",,,0,test,0,1,461
"('All women watch one spouse and senators watch at least as many fast spouse.',)",,,1,test,1,0,478
"('All women watch one small spouse and senators watch at least as many fast.',)",,,0,test,0,1,479
"('Organizations embarrass four associates and the Great Lakes embarrass five content associates.',)",,,1,test,1,0,486
"('Organizations embarrass four lucky associates and the Great Lakes embarrass five content.',)",,,0,test,0,1,487
"(""Samuel isn't taking one mall and Kayla isn't taking several exposed mall."",)",,,1,test,1,0,510
"(""Samuel isn't taking one bad mall and Kayla isn't taking several exposed."",)",,,0,test,0,1,511
"(""Granddaughters of Colleen are irritating a lot of legislatures and this niece of Margaret isn't irritating a few popular legislatures."",)",,,1,test,1,0,514
"(""Granddaughters of Colleen are irritating a lot of good legislatures and this niece of Margaret isn't irritating a few popular."",)",,,0,test,0,1,515
"('The hospital does criticize one brother of and those girls might criticize several excited brother of.',)",,,1,test,1,0,524
"('The hospital does criticize one clever brother of and those girls might criticize several excited.',)",,,0,test,0,1,525
"(""Brad is ascending one mountain and Tiffany's mentee is ascending several popular mountain."",)",,,1,test,1,0,528
"(""Brad is ascending one hard mountain and Tiffany's mentee is ascending several popular."",)",,,0,test,0,1,529
"('The Lutherans describe three ex-husbands and these fathers of Rhonda describe more young ex-husbands.',)",,,1,test,1,0,534
"('The Lutherans describe three hopeful ex-husbands and these fathers of Rhonda describe more young.',)",,,0,test,0,1,535
"(""A lot of waitresses are watching one father of and Martha's senator was watching several busy father of."",)",,,1,test,1,0,538
"(""A lot of waitresses are watching one scared father of and Martha's senator was watching several busy."",)",,,0,test,0,1,539
"('That niece of some doctor thinks about three tomatoes and Mary thinks about almost as many brown tomatoes.',)",,,1,test,1,0,542
"('That niece of some doctor thinks about three small tomatoes and Mary thinks about almost as many brown.',)",,,0,test,0,1,543
"('Those museums boast about one child and libraries boast about five smart child.',)",,,1,test,1,0,556
"('Those museums boast about one ill child and libraries boast about five smart.',)",,,0,test,0,1,557
"(""Colleen's brothers impress one nephew and a lot of dancers impress a lot content nephew."",)",,,1,test,1,0,560
"(""Colleen's brothers impress one exposed nephew and a lot of dancers impress a lot content."",)",,,0,test,0,1,561
"(""This guy knows few guests and Patricia's hairdresser knows many nice guests."",)",,,1,test,1,0,576
"(""This guy knows few content guests and Patricia's hairdresser knows many nice."",)",,,0,test,0,1,577
"('The boy referenced one story about and Jerry referenced a lot long story about.',)",,,1,test,1,0,578
"('The boy referenced one good story about and Jerry referenced a lot long.',)",,,0,test,0,1,579
"(""Grace hasn't thought about three bikes and Mark hasn't thought about fewer hard bikes."",)",,,1,test,1,0,582
"(""Grace hasn't thought about three whole bikes and Mark hasn't thought about fewer hard."",)",,,0,test,0,1,583
"('A play about Harvard University irritates three hairdressers and Harvard University irritates two nice hairdressers.',)",,,1,test,1,0,584
"('A play about Harvard University irritates three confident hairdressers and Harvard University irritates two nice.',)",,,0,test,0,1,585
"(""Some fathers of Brett wouldn't break three couches and Daniel wouldn't break almost as many rough couches."",)",,,1,test,1,0,598
"(""Some fathers of Brett wouldn't break three small couches and Daniel wouldn't break almost as many rough."",)",,,0,test,0,1,599
"('That gate worries one sister and those friends of Janice worries some long sister.',)",,,1,test,1,0,612
"('That gate worries one smart sister and those friends of Janice worries some long.',)",,,0,test,0,1,613
"(""Gregory resembles three prints of and all adults' wife resembles more black prints of."",)",,,1,test,1,0,620
"(""Gregory resembles three brown prints of and all adults' wife resembles more black."",)",,,0,test,0,1,621
"(""Debra praises several grandsons and Judy's sister praises a few lucky grandsons."",)",,,1,test,1,0,622
"(""Debra praises several hidden grandsons and Judy's sister praises a few lucky."",)",,,0,test,0,1,623
"('Donna hired one girl and Sally hired four confident girl.',)",,,1,test,1,0,632
"('Donna hired one upset girl and Sally hired four confident.',)",,,0,test,0,1,633
"('Jeffrey describes one guest and every granddaughter of some actor describes five hidden guest.',)",,,1,test,1,0,638
"('Jeffrey describes one scared guest and every granddaughter of some actor describes five hidden.',)",,,0,test,0,1,639
"(""Nancy's son disagrees with two ex-wives and Martha disagrees with three young ex-wives."",)",,,1,test,1,0,640
"(""Nancy's son disagrees with two unsure ex-wives and Martha disagrees with three young."",)",,,0,test,0,1,641
"('Those ladies forget one movie about and guests forget three good movie about.',)",,,1,test,1,0,650
"('Those ladies forget one long movie about and guests forget three good.',)",,,0,test,0,1,651
"(""Wendy's handyman hasn't passed three art galleries and Paula hasn't passed two black art galleries."",)",,,1,test,1,0,660
"(""Wendy's handyman hasn't passed three white art galleries and Paula hasn't passed two black."",)",,,0,test,0,1,661
"('All brothers of Beth dislike two granddaughters of and the sons of Kenneth dislike three content granddaughters of.',)",,,1,test,1,0,698
"('All brothers of Beth dislike two ill granddaughters of and the sons of Kenneth dislike three content.',)",,,0,test,0,1,699
"(""Tracy can't aggravate a few friends of and all dancers can't aggravate a lot upset friends of."",)",,,1,test,1,0,706
"(""Tracy can't aggravate a few big friends of and all dancers can't aggravate a lot upset."",)",,,0,test,0,1,707
"(""Phillip hadn't talked about no schools and Deborah hadn't talked about some old schools."",)",,,1,test,1,0,708
"(""Phillip hadn't talked about no good schools and Deborah hadn't talked about some old."",)",,,0,test,0,1,709
"(""Daniel cleans one college campus and Brenda's mentor cleans five small college campus."",)",,,1,test,1,0,726
"(""Daniel cleans one white college campus and Brenda's mentor cleans five small."",)",,,0,test,0,1,727
"('Those dancers boast about a few handymen and many waiters boast about several out in the open handymen.',)",,,1,test,1,0,728
"('Those dancers boast about a few unsure handymen and many waiters boast about several out in the open.',)",,,0,test,0,1,729
"(""Leslie's father hugged a few teenagers and Claire's cousin hugged several busy teenagers."",)",,,1,test,1,0,732
"(""Leslie's father hugged a few big teenagers and Claire's cousin hugged several busy."",)",,,0,test,0,1,733
"('Daniel can return to a few ladies and Gerald can return to a lot hopeful ladies.',)",,,1,test,1,0,770
"('Daniel can return to a few hidden ladies and Gerald can return to a lot hopeful.',)",,,0,test,0,1,771
"(""Tammy's dermatologists kiss three friends and the doctors kiss at least as many bad friends."",)",,,1,test,1,0,780
"(""Tammy's dermatologists kiss three exposed friends and the doctors kiss at least as many bad."",)",,,0,test,0,1,781
"('Todd was hiding no electricians and Kimberley was hiding some big electricians.',)",,,1,test,1,0,784
"('Todd was hiding no unsure electricians and Kimberley was hiding some big.',)",,,0,test,0,1,785
"('Dancers cared for few grandmothers of and the driver cared for many big grandmothers of.',)",,,1,test,1,0,796
"('Dancers cared for few long grandmothers of and the driver cared for many big.',)",,,0,test,0,1,797
"('Some photograph looked like many dishes and all sketches of some steak looked like few exposed dishes.',)",,,1,test,1,0,808
"('Some photograph looked like many purple dishes and all sketches of some steak looked like few exposed.',)",,,0,test,0,1,809
"(""Peter's classmate is talking about one mountain and Keith is talking about few new mountain."",)",,,1,test,1,0,834
"(""Peter's classmate is talking about one orange mountain and Keith is talking about few new."",)",,,0,test,0,1,835
"(""Tiffany's colleague doesn't scare three nephews and Lisa doesn't scare fewer unconvinced nephews."",)",,,1,test,1,0,840
"(""Tiffany's colleague doesn't scare three standing nephews and Lisa doesn't scare fewer unconvinced."",)",,,0,test,0,1,841
"('The pedestrian lifts no gloves and Carrie lifts some blue gloves.',)",,,1,test,1,0,878
"('The pedestrian lifts no rough gloves and Carrie lifts some blue.',)",,,0,test,0,1,879
"(""Sarah's daughter hides three sons of and Stacey hides fewer big sons of."",)",,,1,test,1,0,896
"(""Sarah's daughter hides three young sons of and Stacey hides fewer big."",)",,,0,test,0,1,897
"(""Emily hadn't questioned three sisters of and Daniel hadn't questioned at least as many serious sisters of."",)",,,1,test,1,0,898
"(""Emily hadn't questioned three employed sisters of and Daniel hadn't questioned at least as many serious."",)",,,0,test,0,1,899
"('Steve climbed down three hills and Beverly climbed down two smooth hills.',)",,,1,test,1,0,914
"('Steve climbed down three popular hills and Beverly climbed down two smooth.',)",,,0,test,0,1,915
"(""The nieces of Tonya appreciate one museum and Julie's podiatrists appreciate few popular museum."",)",,,1,test,1,0,918
"(""The nieces of Tonya appreciate one dirty museum and Julie's podiatrists appreciate few popular."",)",,,0,test,0,1,919
"('Anna remembered three sisters and Beth remembered more unemployed sisters.',)",,,1,test,1,0,922
"('Anna remembered three unsure sisters and Beth remembered more unemployed.',)",,,0,test,0,1,923
"(""Douglas's best friends scan one supervisor and Barbara's bosses scan a few unlucky supervisor."",)",,,1,test,1,0,926
"(""Douglas's best friends scan one lucky supervisor and Barbara's bosses scan a few unlucky."",)",,,0,test,0,1,927
"(""Every niece of Meredith wasn't researching one best friend and Steven's ex-girlfriend wasn't researching some unconvinced best friend."",)",,,1,test,1,0,930
"(""Every niece of Meredith wasn't researching one out in the open best friend and Steven's ex-girlfriend wasn't researching some unconvinced."",)",,,0,test,0,1,931
"(""Many dancers' spouse didn't exit one art gallery and Meredith didn't exit a lot cheap art gallery."",)",,,1,test,1,0,946
"(""Many dancers' spouse didn't exit one old art gallery and Meredith didn't exit a lot cheap."",)",,,0,test,0,1,947
"('Tracy impressed three classmates and the bank impressed almost as many delighted classmates.',)",,,1,test,1,0,966
"('Tracy impressed three upset classmates and the bank impressed almost as many delighted.',)",,,0,test,0,1,967
"('Carlos will investigate three nephews and some senator will investigate almost as many small nephews.',)",,,1,test,1,0,976
"('Carlos will investigate three happy nephews and some senator will investigate almost as many small.',)",,,0,test,0,1,977
"(""Larry's nephews have two paintings of and most senators have three small paintings of."",)",,,1,test,1,0,986
"(""Larry's nephews have two big paintings of and most senators have three small."",)",,,0,test,0,1,987
"(""This man knew a few podiatrists and Colleen's supervisor knew several scared podiatrists."",)",,,1,test,1,0,1012
"(""This man knew a few serious podiatrists and Colleen's supervisor knew several scared."",)",,,0,test,0,1,1013
"(""The fathers of Derek weren't buying three eyes and a child isn't buying more black eyes."",)",,,1,test,1,0,1014
"(""The fathers of Derek weren't buying three bad eyes and a child isn't buying more black."",)",,,0,test,0,1,1015
"('Sara did reveal a few reports and Naomi did reveal several brown reports.',)",,,1,test,1,0,1026
"('Sara did reveal a few out in the open reports and Naomi did reveal several brown.',)",,,0,test,0,1,1027
"(""Phillip's tutor had seen two banks and those mothers of Paula had seen three smooth banks."",)",,,1,test,1,0,1042
"(""Phillip's tutor had seen two important banks and those mothers of Paula had seen three smooth."",)",,,0,test,0,1,1043
"(""Tracy's son fired one girlfriend and grandsons of Eva fired several displeased girlfriend."",)",,,1,test,1,0,1044
"(""Tracy's son fired one upset girlfriend and grandsons of Eva fired several displeased."",)",,,0,test,0,1,1045
"(""Jessica's grandfathers wear several sweaters and these pedestrians wear a few white sweaters."",)",,,1,test,1,0,1046
"(""Jessica's grandfathers wear several brown sweaters and these pedestrians wear a few white."",)",,,0,test,0,1,1047
"(""These children's tutor disagrees with three ex-boyfriends and the actress disagrees with more lost ex-boyfriends."",)",,,1,test,1,0,1050
"(""These children's tutor disagrees with three clever ex-boyfriends and the actress disagrees with more lost."",)",,,0,test,0,1,1051
"('Some drawings bore two mothers and a lot of ladies bore three nice mothers.',)",,,1,test,1,0,1056
"('Some drawings bore two standing mothers and a lot of ladies bore three nice.',)",,,0,test,0,1,1057
"('Holly might boast about three commentaries about and Daniel might boast about more bad commentaries about.',)",,,1,test,1,0,1068
"('Holly might boast about three long commentaries about and Daniel might boast about more bad.',)",,,0,test,0,1,1069
"(""Theodore's best friends aren't annoying one husband and all doctors' wife isn't annoying four big husband."",)",,,1,test,1,0,1084
"(""Theodore's best friends aren't annoying one good husband and all doctors' wife isn't annoying four big."",)",,,0,test,0,1,1085
"('Those women disagree with no daughters and reports disagree with some happy daughters.',)",,,1,test,1,0,1086
"('Those women disagree with no lost daughters and reports disagree with some happy.',)",,,0,test,0,1,1087
"(""Stacey talked about one pedestrian and Eric's ex-husband talked about more big pedestrian."",)",,,1,test,1,0,1090
"(""Stacey talked about one excited pedestrian and Eric's ex-husband talked about more big."",)",,,0,test,0,1,1091
"(""Theresa hadn't known three granddaughters of and Bruce hadn't known two sick granddaughters of."",)",,,1,test,1,0,1106
"(""Theresa hadn't known three hopeful granddaughters of and Bruce hadn't known two sick."",)",,,0,test,0,1,1107
"(""Many waitresses conceal one husband and some actor's granddaughters conceal five unlucky husband."",)",,,1,test,1,0,1120
"(""Many waitresses conceal one nice husband and some actor's granddaughters conceal five unlucky."",)",,,0,test,0,1,1121
"('Ann did boast about one book about and Veronica did boast about some bad book about.',)",,,1,test,1,0,1134
"('Ann did boast about one red book about and Veronica did boast about some bad.',)",,,0,test,0,1,1135
"(""Gina's associates ran around one closet and Raymond ran around three concealed closet."",)",,,1,test,1,0,1148
"(""Gina's associates ran around one old closet and Raymond ran around three concealed."",)",,,0,test,0,1,1149
"('Some actors researched one ex-boyfriend and April researched five young ex-boyfriend.',)",,,1,test,1,0,1160
"('Some actors researched one out in the open ex-boyfriend and April researched five young.',)",,,0,test,0,1,1161
"(""Martin's senators researched one hairdresser and a lot of grandfathers of Donald researched many determined hairdresser."",)",,,1,test,1,0,1166
"(""Martin's senators researched one troubled hairdresser and a lot of grandfathers of Donald researched many determined."",)",,,0,test,0,1,1167
"(""A nephew of that woman does approach three granddaughters and Sharon's husband does approach almost as many concealed granddaughters."",)",,,1,test,1,0,1176
"(""A nephew of that woman does approach three small granddaughters and Sharon's husband does approach almost as many concealed."",)",,,0,test,0,1,1177
"(""Donna looks like three sketches of and Mary's spouse looks like almost as many brown sketches of."",)",,,1,test,1,0,1184
"(""Donna looks like three white sketches of and Mary's spouse looks like almost as many brown."",)",,,0,test,0,1,1185
"('Brett descends five steps and Walter descends four hidden steps.',)",,,1,test,1,0,1186
"('Brett descends five purple steps and Walter descends four hidden.',)",,,0,test,0,1,1187
"(""Many girls' dentists aggravate one grandmother and some slopes aggravate four out in the open grandmother."",)",,,1,test,1,0,1188
"(""Many girls' dentists aggravate one clever grandmother and some slopes aggravate four out in the open."",)",,,0,test,0,1,1189
"(""Phillip's grandmothers attack one friend of and those doctors attack a few delighted friend of."",)",,,1,test,1,0,1198
"(""Phillip's grandmothers attack one concealed friend of and those doctors attack a few delighted."",)",,,0,test,0,1,1199
"(""Kevin's associate worked with one patient and Lissa worked with more uncertain patient."",)",,,1,test,1,0,1200
"(""Kevin's associate worked with one young patient and Lissa worked with more uncertain."",)",,,0,test,0,1,1201
"(""Jeffrey wasn't complaining about one show about and Sharon wasn't complaining about some bad show about."",)",,,1,test,1,0,1202
"(""Jeffrey wasn't complaining about one long show about and Sharon wasn't complaining about some bad."",)",,,0,test,0,1,1203
"('Maria conceals one lawyer and every man conceals a lot hidden lawyer.',)",,,1,test,1,0,1222
"('Maria conceals one content lawyer and every man conceals a lot hidden.',)",,,0,test,0,1,1223
"('Janet passes three glaciers and Eric passes two gray glaciers.',)",,,1,test,1,0,1226
"('Janet passes three blue glaciers and Eric passes two gray.',)",,,0,test,0,1,1227
"('Many teenagers return to five libraries and most friends of Andrea return to four clean libraries.',)",,,1,test,1,0,1274
"('Many teenagers return to five purple libraries and most friends of Andrea return to four clean.',)",,,0,test,0,1,1275
"(""Lori isn't breaking one plane and Aaron isn't breaking at least as many new plane."",)",,,1,test,1,0,1276
"(""Lori isn't breaking one green plane and Aaron isn't breaking at least as many new."",)",,,0,test,0,1,1277
"('Many organizations respected one nephew of and Anne respected many hidden nephew of.',)",,,1,test,1,0,1278
"('Many organizations respected one clever nephew of and Anne respected many hidden.',)",,,0,test,0,1,1279
"('Peter shocked no actors and some pedestrians shocked some standing actors.',)",,,1,test,1,0,1286
"('Peter shocked no content actors and some pedestrians shocked some standing.',)",,,0,test,0,1,1287
"(""Steve isn't hugging one classmate and Denise isn't hugging a few unconvinced classmate."",)",,,1,test,1,0,1310
"(""Steve isn't hugging one bad classmate and Denise isn't hugging a few unconvinced."",)",,,0,test,0,1,1311
"(""Debra isn't noticing three skirts and Rachel isn't noticing fewer yellow skirts."",)",,,1,test,1,0,1344
"(""Debra isn't noticing three white skirts and Rachel isn't noticing fewer yellow."",)",,,0,test,0,1,1345
"(""These pedestrians' employee works with five hairdressers and William works with four out in the open hairdressers."",)",,,1,test,1,0,1354
"(""These pedestrians' employee works with five employed hairdressers and William works with four out in the open."",)",,,0,test,0,1,1355
"('A lot of coats hurt many handymen and some grocery stores hurt few determined handymen.',)",,,1,test,1,0,1364
"('A lot of coats hurt many out in the open handymen and some grocery stores hurt few determined.',)",,,0,test,0,1,1365
"(""Marla's grandfather messes up four forks and John's best friend messes up five orange forks."",)",,,1,test,1,0,1366
"(""Marla's grandfather messes up four black forks and John's best friend messes up five orange."",)",,,0,test,0,1,1367
"(""Mark hadn't toured many public parks and Jerry hadn't toured few orange public parks."",)",,,1,test,1,0,1372
"(""Mark hadn't toured many exposed public parks and Jerry hadn't toured few orange."",)",,,0,test,0,1,1373
"(""Every eggplant hadn't impressed one father and Katherine's hairdressers hadn't impressed a lot long father."",)",,,1,test,1,0,1378
"(""Every eggplant hadn't impressed one unconvinced father and Katherine's hairdressers hadn't impressed a lot long."",)",,,0,test,0,1,1379
"(""Becca's niece fixed three carriages and an actor fixed more blue carriages."",)",,,1,test,1,0,1426
"(""Becca's niece fixed three red carriages and an actor fixed more blue."",)",,,0,test,0,1,1427
"('The fish scare one lady and many prints of Kirsten scare few uncertain lady.',)",,,1,test,1,0,1448
"('The fish scare one busy lady and many prints of Kirsten scare few uncertain.',)",,,0,test,0,1,1449
"(""That actor's students shouldn't tour one cafe and Rachelle shouldn't tour five orange cafe."",)",,,1,test,1,0,1460
"(""That actor's students shouldn't tour one important cafe and Rachelle shouldn't tour five orange."",)",,,0,test,0,1,1461
"(""Brian talks to one grandson of and some person's grandfather talks to a lot serious grandson of."",)",,,1,test,1,0,1474
"(""Brian talks to one unsure grandson of and some person's grandfather talks to a lot serious."",)",,,0,test,0,1,1475
"('These companies upset one man and the cakes upset five exposed man.',)",,,1,test,1,0,1488
"('These companies upset one clever man and the cakes upset five exposed.',)",,,0,test,0,1,1489
"('All grandmothers of Becky concealed few lawyers and Kenneth concealed many good lawyers.',)",,,1,test,1,0,1500
"('All grandmothers of Becky concealed few determined lawyers and Kenneth concealed many good.',)",,,0,test,0,1,1501
"('Children forget two men and the Clintons forget three confident men.',)",,,1,test,1,0,1502
"('Children forget two smart men and the Clintons forget three confident.',)",,,0,test,0,1,1503
"('Travis has upset no doctors and every car has upset some happy doctors.',)",,,1,test,1,0,1504
"('Travis has upset no lucky doctors and every car has upset some happy.',)",,,0,test,0,1,1505
"(""Melissa forgot one newspaper article and Florence's girlfriend forgot four smooth newspaper article."",)",,,1,test,1,0,1510
"(""Melissa forgot one white newspaper article and Florence's girlfriend forgot four smooth."",)",,,0,test,0,1,1511
"('Every sister of Phillip could sound like one cafe and Brenda could sound like many important cafe.',)",,,1,test,1,0,1516
"('Every sister of Phillip could sound like one rough cafe and Brenda could sound like many important.',)",,,0,test,0,1,1517
"(""Sheila hasn't disgusted many women and Tammy hasn't disgusted few uncertain women."",)",,,1,test,1,0,1526
"(""Sheila hasn't disgusted many determined women and Tammy hasn't disgusted few uncertain."",)",,,0,test,0,1,1527
"(""Jennifer's grandmothers go to two high schools and Alicia's doctors go to three concealed high schools."",)",,,1,test,1,0,1532
"(""Jennifer's grandmothers go to two clean high schools and Alicia's doctors go to three concealed."",)",,,0,test,0,1,1533
"(""Some children weren't leaving five grocery stores and Edward wasn't leaving four messy grocery stores."",)",,,1,test,1,0,1538
"(""Some children weren't leaving five clean grocery stores and Edward wasn't leaving four messy."",)",,,0,test,0,1,1539
"(""Bradley couldn't break few skateboards and Carrie couldn't break many small skateboards."",)",,,1,test,1,0,1542
"(""Bradley couldn't break few hidden skateboards and Carrie couldn't break many small."",)",,,0,test,0,1,1543
"('Gina might forget one student and Elizabeth might forget five lucky student.',)",,,1,test,1,0,1546
"('Gina might forget one clever student and Elizabeth might forget five lucky.',)",,,0,test,0,1,1547
"(""A lot of men don't forget one sister and Carol might forget at least as many exposed sister."",)",,,1,test,1,0,1548
"(""A lot of men don't forget one standing sister and Carol might forget at least as many exposed."",)",,,0,test,0,1,1549
"(""David wasn't referencing five girls and Rhonda wasn't referencing four busy girls."",)",,,1,test,1,0,1558
"(""David wasn't referencing five hopeful girls and Rhonda wasn't referencing four busy."",)",,,0,test,0,1,1559
"('Karen goes to one cafe and Deanna goes to a few bad cafe.',)",,,1,test,1,0,1566
"('Karen goes to one rough cafe and Deanna goes to a few bad.',)",,,0,test,0,1,1567
"(""That lady hasn't fired one sister and Theresa hasn't fired a few hidden sister."",)",,,1,test,1,0,1572
"(""That lady hasn't fired one long sister and Theresa hasn't fired a few hidden."",)",,,0,test,0,1,1573
"(""Todd's classmates biked to one glacier and Eric biked to three white glacier."",)",,,1,test,1,0,1574
"(""Todd's classmates biked to one small glacier and Eric biked to three white."",)",,,0,test,0,1,1575
"(""Timothy wasn't hugging one father and this adult's French teacher wasn't hugging many long father."",)",,,1,test,1,0,1576
"(""Timothy wasn't hugging one displeased father and this adult's French teacher wasn't hugging many long."",)",,,0,test,0,1,1577
"('These sons of Carmen can disgust one grandfather of and all skateboards can disgust many happy grandfather of.',)",,,1,test,1,0,1584
"('These sons of Carmen can disgust one lost grandfather of and all skateboards can disgust many happy.',)",,,0,test,0,1,1585
"(""Winston Churchill doesn't confuse one niece of and all pictures should confuse many lost niece of."",)",,,1,test,1,0,1586
"(""Winston Churchill doesn't confuse one serious niece of and all pictures should confuse many lost."",)",,,0,test,0,1,1587
"(""Theresa's spouse leaves one associate and Monica leaves four old associate."",)",,,1,test,1,0,1598
"(""Theresa's spouse leaves one small associate and Monica leaves four old."",)",,,0,test,0,1,1599
"('Tonya examined one brother of and Julia examined at least as many exposed brother of.',)",,,1,test,1,0,1606
"('Tonya examined one scared brother of and Julia examined at least as many exposed.',)",,,0,test,0,1,1607
"(""Patients disgusts few mothers of and Aaron's sons disgusts many nice mothers of."",)",,,1,test,1,0,1620
"(""Patients disgusts few content mothers of and Aaron's sons disgusts many nice."",)",,,0,test,0,1,1621
"(""Jessica hasn't scanned few cousins and Barbara hasn't scanned many upset cousins."",)",,,1,test,1,0,1626
"(""Jessica hasn't scanned few delighted cousins and Barbara hasn't scanned many upset."",)",,,0,test,0,1,1627
"(""Some daughter of Helen questions four friends and Curtis's oncologist questions five ill friends."",)",,,1,test,1,0,1630
"(""Some daughter of Helen questions four out in the open friends and Curtis's oncologist questions five ill."",)",,,0,test,0,1,1631
"('Most cousins of Veronica examine one father of and these boys examine more bad father of.',)",,,1,test,1,0,1634
"('Most cousins of Veronica examine one uncertain father of and these boys examine more bad.',)",,,0,test,0,1,1635
"(""Regina's girlfriend was shocking no fathers and some scarf was shocking some unemployed fathers."",)",,,1,test,1,0,1642
"(""Regina's girlfriend was shocking no exposed fathers and some scarf was shocking some unemployed."",)",,,0,test,0,1,1643
"(""All teachers' podiatrists hide no French teachers and the Clintons hide some hopeful French teachers."",)",,,1,test,1,0,1662
"(""All teachers' podiatrists hide no good French teachers and the Clintons hide some hopeful."",)",,,0,test,0,1,1663
"('Grocery stores aggravated four legislatures and some commentary aggravated five important legislatures.',)",,,1,test,1,0,1672
"('Grocery stores aggravated four bad legislatures and some commentary aggravated five important.',)",,,0,test,0,1,1673
"('Joseph had praised one son of and Carrie had praised some unlucky son of.',)",,,1,test,1,0,1698
"('Joseph had praised one bad son of and Carrie had praised some unlucky.',)",,,0,test,0,1,1699
"(""Lawrence was kissing a few dermatologists and Phillip's brothers are kissing a lot upset dermatologists."",)",,,1,test,1,0,1708
"(""Lawrence was kissing a few unemployed dermatologists and Phillip's brothers are kissing a lot upset."",)",,,0,test,0,1,1709
"(""The stories about Winston Churchill haven't scared one mentor and George has scared two clever mentor."",)",,,1,test,1,0,1728
"(""The stories about Winston Churchill haven't scared one uncertain mentor and George has scared two clever."",)",,,0,test,0,1,1729
"(""William's senators have respected one senator and this dancer hasn't respected at least as many busy senator."",)",,,1,test,1,0,1738
"(""William's senators have respected one serious senator and this dancer hasn't respected at least as many busy."",)",,,0,test,0,1,1739
"('Susan kisses three guys and the pedestrian kisses more busy guys.',)",,,1,test,1,0,1740
"('Susan kisses three old guys and the pedestrian kisses more busy.',)",,,0,test,0,1,1741
"('The Impressionists work with three women and these dancers work with at least as many good women.',)",,,1,test,1,0,1742
"('The Impressionists work with three small women and these dancers work with at least as many good.',)",,,0,test,0,1,1743
"('The boy boasted about four patients and this company boasted about five concealed patients.',)",,,1,test,1,0,1750
"('The boy boasted about four ill patients and this company boasted about five concealed.',)",,,0,test,0,1,1751
"(""Nancy's grandfathers have one cat and Sonia's students have some brown cat."",)",,,1,test,1,0,1756
"(""Nancy's grandfathers have one rough cat and Sonia's students have some brown."",)",,,0,test,0,1,1757
"('Helen returned to one high school and some actor returned to few purple high school.',)",,,1,test,1,0,1764
"('Helen returned to one green high school and some actor returned to few purple.',)",,,0,test,0,1,1765
"('Andrea insults many grocery stores and Carmen insults few green grocery stores.',)",,,1,test,1,0,1776
"('Andrea insults many dirty grocery stores and Carmen insults few green.',)",,,0,test,0,1,1777
"(""Frank wasn't touring one hospital and Monet wasn't touring five concealed hospital."",)",,,1,test,1,0,1778
"(""Frank wasn't touring one yellow hospital and Monet wasn't touring five concealed."",)",,,0,test,0,1,1779
"(""April's grandfather scans one grandson of and Liam's sister scans more clever grandson of."",)",,,1,test,1,0,1784
"(""April's grandfather scans one unlucky grandson of and Liam's sister scans more clever."",)",,,0,test,0,1,1785
"(""Those children are bringing four blouses and Kimberley isn't bringing five concealed blouses."",)",,,1,test,1,0,1802
"(""Those children are bringing four out in the open blouses and Kimberley isn't bringing five concealed."",)",,,0,test,0,1,1803
"(""Linda does heal no mentors and many waitresses won't heal some unsure mentors."",)",,,1,test,1,0,1826
"(""Linda does heal no hidden mentors and many waitresses won't heal some unsure."",)",,,0,test,0,1,1827
"(""Curtis had talked about one mentor and David's hairdressers had talked about a lot busy mentor."",)",,,1,test,1,0,1838
"(""Curtis had talked about one unconvinced mentor and David's hairdressers had talked about a lot busy."",)",,,0,test,0,1,1839
"(""Some student's lawyers have described one senator and Chad hasn't described many young senator."",)",,,1,test,1,0,1858
"(""Some student's lawyers have described one exposed senator and Chad hasn't described many young."",)",,,0,test,0,1,1859
"(""Mark wasn't praising one senator and Paul's nephew wasn't praising more nice senator."",)",,,1,test,1,0,1882
"(""Mark wasn't praising one old senator and Paul's nephew wasn't praising more nice."",)",,,0,test,0,1,1883
"('The cups embarrassed few guys and every friend of Mary embarrassed many fast guys.',)",,,1,test,1,0,1886
"('The cups embarrassed few lost guys and every friend of Mary embarrassed many fast.',)",,,0,test,0,1,1887
"(""James has driven to one mountain and the person's brother has driven to a lot concealed mountain."",)",,,1,test,1,0,1892
"(""James has driven to one white mountain and the person's brother has driven to a lot concealed."",)",,,0,test,0,1,1893
"(""Dana hadn't worn one sock and Cheryl hadn't worn five important sock."",)",,,1,test,1,0,1898
"(""Dana hadn't worn one good sock and Cheryl hadn't worn five important."",)",,,0,test,0,1,1899
"(""Becca's nephew could fix a few skateboards and Melissa could fix several smooth skateboards."",)",,,1,test,1,0,1902
"(""Becca's nephew could fix a few purple skateboards and Melissa could fix several smooth."",)",,,0,test,0,1,1903
"(""Tiffany's friends love one classmate and some sisters of Marcus love a lot fast classmate."",)",,,1,test,1,0,1904
"(""Tiffany's friends love one lost classmate and some sisters of Marcus love a lot fast."",)",,,0,test,0,1,1905
"('Every carriage irritates three mentors and that sock irritates more hidden mentors.',)",,,1,test,1,0,1906
"('Every carriage irritates three happy mentors and that sock irritates more hidden.',)",,,0,test,0,1,1907
"('That university likes no icicles and that pedestrian likes some green icicles.',)",,,1,test,1,0,1908
"('That university likes no important icicles and that pedestrian likes some green.',)",,,0,test,0,1,1909
"('Some movie about Galileo worries several children and some spinach worries a few displeased children.',)",,,1,test,1,0,1922
"('Some movie about Galileo worries several uncertain children and some spinach worries a few displeased.',)",,,0,test,0,1,1923
"('That plate was alarming one daughter of and Stacy was alarming a few lucky daughter of.',)",,,1,test,1,0,1936
"('That plate was alarming one small daughter of and Stacy was alarming a few lucky.',)",,,0,test,0,1,1937
"(""Gina's senator is kissing one grandfather of and Rebecca is kissing a lot ill grandfather of."",)",,,1,test,1,0,1938
"(""Gina's senator is kissing one exposed grandfather of and Rebecca is kissing a lot ill."",)",,,0,test,0,1,1939
"(""Martha's spouse helps one brother and William helps at least as many standing brother."",)",,,1,test,1,0,1958
"(""Martha's spouse helps one happy brother and William helps at least as many standing."",)",,,0,test,0,1,1959
"(""Candice wasn't concealing a few piano teachers and Elizabeth wasn't concealing several unlucky piano teachers."",)",,,1,test,1,0,1960
"(""Candice wasn't concealing a few good piano teachers and Elizabeth wasn't concealing several unlucky."",)",,,0,test,0,1,1961
"(""All students hadn't disagreed with a few doctors and some mother of Peter hadn't disagreed with a lot popular doctors."",)",,,1,test,1,0,1986
"(""All students hadn't disagreed with a few content doctors and some mother of Peter hadn't disagreed with a lot popular."",)",,,0,test,0,1,1987
"(""Julia's hairdressers visit one brother and Florence's senators visit four upset brother."",)",,,1,test,1,0,1988
"(""Julia's hairdressers visit one bad brother and Florence's senators visit four upset."",)",,,0,test,0,1,1989
"(""Some guys disagree with one senator and Gerald's dermatologists disagree with a lot exposed senator."",)",,,1,test,1,0,1994
"(""Some guys disagree with one unsure senator and Gerald's dermatologists disagree with a lot exposed."",)",,,0,test,0,1,1995
